input,topic
lower bill,tips
how can i reduce my energy use,tips
hi im looking for ways to reduce my energy usage,tips
hi im looking for ways to reduce my energy uses,tips
what small changes can i make to my energy use to make my energy bill lower,tips
is there a way i can reduce my energy bill,tips
how can i lower my bill,tips
how to conserve energy use,tips
i need tips to reduce my energy bill,tips
tips to reduce my energy bill,tips
what can I do to lower my energy bill,tips
my energy bill is rather high can you help,tips
reduce power costs,tips
tips to reduce energy bill,tips
what are some ways i can reduce my energy bill,tips
ways to reduce my bill or ways to reduce my consumption,tips
i cannot afford to pay my bill this month what solutions do you have for me,resource
can you help me manage my debt,resource
can you show me a resource,resource
can you show me an energy coach,resource
i need somebody to help meis there anyone that can come to my home and help me,resource
is there anyone who can come help medo you have any additional resources that i might be missing,resource
what resources are available to me to lower my bill,resource
help avoiding electricity shutoff,disconnection
how to pay bill later but keep electricity on,disconnection
how to keep electricity on if i cant pay,disconnection
will my electricity stay on if i cant pay my bill,disconnection
how can i avoid electricity shutoff,disconnection
how can i avoid my electricity being shut off,disconnection
how do i prevent disconnection,disconnection
how do i prevent shutoff,disconnection
is there a way i can pay the bill over an extended period of time,disconnection
im about to get my electricity shutoff what should i do immediately,disconnection
i am currenctly facing the threat of electricity shutoff and am looking to avoid that by any means possible what should i do,disconnection
how can i keep my electricity from being shutoff,disconnection
how can i keep my electricity from being disconnected,disconnection
i need help lowering my bill,tips
i need to find an energy coach near me,resource
i need some helpful tips to help me reduce my energy bill,tips
i would like to hear some tips to reduce my bill,tips
i really need some tips to help me lower my bill,tips
can i please get tips for energy savings,tips
i need to lower my energy bill,tips
i need a tip,tips
whats disconnection protection,disconnection
is there any way i can pay the bill over an extended period of time,disconnection
what is disconnection protection,disconnection
what is dynamic tariff,tips
im looking for english explanation of disconnection protection,disconnection
can you give me tips to reduce my energy costs,tips
